hc,lc,agree,disagree,hc_lc,clarifymodel,methodology
0.7652173913043478,0.4956521739130435,0.8,0.2,0.7282608695652174,0.7391304347826086,0.7304347826086957
